user_id,text,NPS_Score
3074457347487777543,"Wireframe and wireframe 'templates' are impossible to find/ come by and nothing is free.
",0
3074457346925614583,Connection is extremely unstable and slow,0
3074457347797810818,"loading time is so long
sometimes i cant get into the board and im felling unstable to use in business",2
3074457347345528768,I needed a mindmap and although it is possible to create a mindmap with miro it is not easy. It is also very annoying when trying to edit the mindmap. ,2
3074457346096702382,Wonky interface / interaction with shapes and stickies. Lack of ability to align shapes easily. ,3
3074457347215960516,"The Miro board is not conducive to scrolling and reading stuff on parallel frames. The boards are horizontal and people keep populating the right side. So there is no easy way to compare stuff across frames. 
Also the text is not 'wrapped' and auto-text fonted. So on a cursory glance you don't see stuff written in several sticky notes if people dont write short notes. The text disappears till you go and double click on it.
Also the incompatibility with IE and dependence on Chrome. Chrome has its own privacy issues and many people avoid using Chrome/Firefox for obvious reasons.",4
3074457346249002751,"We often use it sort analysis the results of research. Compared to traditional sticknotes on a wall, it is really hard to scan a lot of items, quickly zooming in on some detail, then back out to bigger patterns.",4
3074457345803933044,There is no suitable package for us.,4
3074457346652564200,"Super slow. Really awkward to switch between drag and mouse modes Seems like it's built for trackpad use, mouse and Wacom tablet use are not great. ",4
3074457346460227854,"It's a real resource hog, and people overuse it for repeatable patterns other tools are equally capable of so I've grown to loathe Miro from initially being very excited by it",4
3074457347696429755,"Missing some basic functionality to make it everyday use such as spell check, copy and paste. Having to use the mouse all the time to do something simple is annoying; there should be keyboard shortcuts to make the use more efficient. eg; tab to crea a new branch on a mindmap; enter to create a new node. I really want to migrate 3 tools that I use everyday to Miro; but right now, there is a lot that I will have to put up with to make the transition; although it would be nice to work on one board. Best feature you have are the templates. 
",4
3074457346870890561,"Your board is not stable at all. There are plenty of bags and I have to reload it too often to continue using it
",5
3074457347895106643,"Clarity on how to share on collaborate on boards without cost. I am pretty disappointed, that I can only collborate with others via the link without costs. End even this does not work with everybody and we do not know why. Also as an independent you work with other independents: It makes me upset, that I still have to grant and pay access for others independents, who also pay for Miro. This means if I work on several projects with different independents, costs sum up to an unacceptable level. This is not an option. ",5
3074457346540709505,"I've asked a few times for a simple change to the Mindmaps where I could click on a button (where the + currently resides, perhaps have a minus as well), and then the frame is reduced and I can see more of the mindmap or focus on a smaller portion without having to move around so much to try to find stuff in a larger mindmap.  If you guys do this, the score will go way up.",5
3074457346540709505,"I've asked a few times for a simple change to the Mindmaps where I could click on a button (where the + currently resides, perhaps have a minus as well), and then the frame is reduced and I can see more of the mindmap or focus on a smaller portion without having to move around so much to try to find stuff in a larger mindmap.  If you guys do this, the score will go way up.",5
3074457345949422283,"Still exploring and experimenting with team members.
Interesting templates for Agile and so on has a lot of potentials",5
3074457347814198494,"the board is great but I a coupe of days ago â€“ I assume after some technical improvements â€“ my board accidentally became a full mess. all of the sticky notes, connection lines, pictures which were not locked â€“ they're all in random places now and I couldn't find any form to contact support. hopefully this message will be able to call your attention to the problem your clients have ",5
3074457347138152129,sticky note ã«æ›¸ã„ã¦ã„ã‚‹ã¨ã€Ã—ãƒžãƒ¼ã‚¯å¾Œã«åŒã˜å…¥åŠ›ãŒç¹°ã‚Šè¿”ã•ã‚Œã¾ã™ã€‚,5
3074457346822365367,"I really want to use Miro for live whiteboarding, but your automatic recognition of drawing shapes from hand-drawn shapes (e.g., from a PC or tablet with a touchscreen/stylus) is just too primitive and inaccurate. Secondarily, your mindmapping tools are unusable (can't move or rearrange nodes).",5
3074457347616284065,"I'd like more flexibility in the formatting of elements. And more reliability in editing. Had a mindmap element the other day that connected to itself and found no way to disconnect that.
Most of all: In Germany we need the ability to host in Europe so that data protection laws are observed. Biggest problem when using that in my university classes.",5
3074457346681595479,Hard to use template. I think value of miro to me will be more if I can plug values and use the template instead of spending time on customizing it,5
3074457347721938574,"I actually like this tool, but i find that there should be a tutorial showing the functionality. I have had to do a lot by trial and error. The current videos that are on the page really just show the benefits of Miro, rather than showing how to use/design a tool. This is especially important now, as many people have been encouraged to use digital platforms that they may not be used to, so to prevent an added level of frustration, simple, clear instructions need to be provided. Saying that, i do like the amount of templates that are available and the opportunity to have many people collaborate on the one idea or project. With a little further support, this tool could go from good to great. thanks for the design. ",5
3074457347450195215,its just feels noisy and unstable to use. but the functionality is great the features and the aspects of it are cool. ,5
3074457347106234941,better integration with tablet,6
3074457346836090864,Nothing. Miro is a great tool and suitable for us. thank you.,6
3074457347411503279,"Miro seems limited to a certain kind of coworking and interactions. i would like to have a more flexible tool regarding the stiking organization for example.
We have problems when sticking with 3 persons in the same frame (difficulties to position the sticky notes). I would like to be able to share a free view access with memebers of other organizations.",6
3074457347048079949,There is only one shape of mindmap! we need more hierarchy diagrams template and more control over arrows,6
3074457345986593285,"Clarity on rules for free account. It's really confusing which 5 boards are editable,m how many teams per profile. I just don't get it, and frightens me to commit my work to such a confusing security and ""free""ness environment.",6
3074457345986593285,"Clarity on rules for free account. It's really confusing which 5 boards are editable,m how many teams per profile. I just don't get it, and frightens me to commit my work to such a confusing security and ""free""ness environment.",6
3074457346007131563,"It's to much clicking and rearranging.
I would like to make everything uniform sizewise and looks wise.
I would  like to create ""forms"" within miro. I want to create my own custom cards where only certain things can be changed.
",6
3074457348037746497,Â´porque no se sabe porque se bloquean las tablas y dejan de ser editables,6
3074457346022618444,the plans for individual freelancers are not comfotable. previous plan when a freelancer could invite 3 people on any board as much more comfortable,6
3074457346625777741,"Uncomfortable log in, no way lo log in once for a long period of time. Work on usability of your app, work on ease of use. Last time i opened Miro i wanted to delete it. I had hatefull lgging in expereince. ",6
3074457346397945006,"I find it hard to efficiently select multiple elements in a document, and move them while maintaining their position (i.e while holding shift). While this might not be a dealbreaker for others, it is important for me as I often create flowcharts and diagrams that need to be cleaned up and aligned towards the end. I do it very often, and it is frustrating most of the times. Other than that, I enjoy thee apps and templates very much! I wish there was a way to select icons from the same author though (Iconfinder), as I currently have to manually look through icons and match up their visual styles before I can add the to the document.",6
3074457347324663839,"add lists to mindmaps, attaching emails. files as icons
",6
3074457346246659467,There are no suitable new plans for teachers,6
3074457347122470066,"it's awful to insert table and text into it. compare with axure, google presentationm,..",6
3074457347122470066,"it's awful to insert table and text into it. compare with axure, google presentationm,..",6
3074457346548575387,The text formatting and general re-sizing of a sticky note is very frustrating,6
3074457347155433659,Usability of the retro board is a bit rough on a non-tablet device,6
3074457347202653990,More powerful mindmapping.,7
3074457347714865599,"No anonymous sharing with e.g. Externals for a workshop. Licensing for spontanuous workshops sound like a bad plan to me. Competitors have solved this issue better. Also the amound of templates is quite limited, compared to other. For me enough... what I really like is the easy way to create visualization and to brainstorm",7
3074457347080982062,give us free editable board more than 3. because we're still in college and don't have much money for upgrading. ,7
3074457346855781226,Needs more templates for different use cases,7
3074457346605445650,"All Good. So comfortable. Expecting some features.  Line which is already exists and a simple Line which have to behave line without any linking option. Layout of Mobile , iPad-tablet & Web need option to increase height only. Option for Naming or Numbering system of each frames so that we can refer with that easily.   ",7
3074457346731512258,"I'm sure it's just a learning curve, but when I copy a group of elements from a template (alt drag), I cant figure out how to ungroup them to select individual elements. 

I can't rename the board when looking at the board? Excruciating. 

Other than that, I'm so excited to dig into this tool !",7
110270347,"Make it more stable, add more features for typography and paragraph settings, add more flexible graphs",7
3074457346596807702,"the sticky note can't free sizing, if it big will fix the sticky note size.",7
3074457346789340319,Make it easier for people who are facilitators to structure the work flow and outputs of a session. Refer to groupmap.com for ideas. Also encourage your template contributors to use good UX...there are way too many people just plonking things on a board to make it look good but it actually doesn't use MIRO tools well.,7
3074457346995478538,"Feature: I wish there was a way to automatically make grids/tables that we can adjust rows/columns (like an excel spreadsheet). My team tends to create grid-like frames to with certain headers/topics (e.g. row names) against people's opinions (e.g. columns with people's names).  I would want the rows/columns to be adjustable so we can dynamically place number of text/stickies in the ""table cells."" Tables are sometimes still the best way to organize thoughts/work.  But we love using Miro's sticky feature with it. ",7
3074457347249457307,"allow mindmap entries to be easily dragged to different nodes, better export function (ordered better) ",7
3074457346722900256,Create better templates for customer journeys (these are basic tools for service design).Custellence has great templates.,7
3074457347475863594,scrolling etc is a little tricky - templates etc are great,7
3074457347325355442,"Hi there!
I like Miro for the voting plugin, drawing and shapes features because they help overcome the fear of drawing that business teams experience during ideation. I usually use Whimsical or whiteboard but I'm starting to facilitate remote design sprints and came across a post on social media.

I added the Remote 5-Day Design Sprint template to my board today, I've used Miro maybe 5-6 times in the past 6 months. As a newbie adding the template from a Facebook post, I assumed that the board would be a public document that I have to make a copy of to add to my board. The only other thing would be how slow it feels to use Miro compared to Whimsical. Sort of how Sketch used to feel compared XD, but Sketch improved the response time while really using the app so I'm sure you will too.

I can't wait to make Miro part of my core process. It would make onboarding new clients so much more efficient if I don't have to jump between Miro for remote design sprints and Whimsical for quick decision sessions.",7
3074457346171644312,Easier alignment of elements towards each other or on a grid. Call it UX OCD ;),7
3074457347570868813,expand/collapsing branches in mindmap - without that they are limited useage :-((((((,7
3074457347460931138,Muy limitado el uso de tableros compartidos,7
3074457347385034694,"It is helpful to work together with colleagues on boards with sticky notes, but too heavy sometimes. 
And drawing function is too basic so if you can improve, it would be super great. ",7
3074457347281670504,I am a free user and I need a template axis. It seems you havent got one,7
3074457346527503134,Would be good to have roadmap template with predefined timeline for 2020/2021 year. ,7
3074457347651523751,You need to provide all the templates to trial out before anyone procures the tools.,7
3074457347366756734,It's mostly intuitive. I'd love to easily create a table,7
3074457347441727250,"Have not not worked that much with Miro yet, bit it is very promising :) I like the different templates and presentation modes! And that we can adjust colours. 

",7
3074457347108250480,"More templates. The current ones are very similar to each other
",7
3074457347277000315,"Could add functionality in Mindmaps to collapse the children fields, in order to have a high level overview if you want to. Jira integration is great, but could be more customisable i.t.o. which fields display when you convert a sticky note to an issue. Also, when you import issues from Jira, it would help to see the relationship between Epic and Story a bit clearer, at the moment it is quite a manual process to sort the issue blocks out after importing. ",7
3074457346588993815,"There's too much going on all at once, it would be good if other functions are disabled if a certain template was used and an option to enable when needed.",7
3074457347598641399,"It's good, but some things are counterintuitive. e.g. it would be great if double-clicking for a sticky worked over a template rather than selecting the template.",7
3074457346794509509,"More templates and more guidance on the aims and purpose of each template, with more detailed examples. The ability to add a table of contents to make navigation easier. ",7
3074457346640846345,"Great, but it need a simplified  method to search a sticky note and to hyperlink it from external source. Wat if i want to click on xls a sticky note name tha coud direct me to mirÃ² in the precise position?",8
3074457346897428921,The collaboration capability is highly valuable. The templates and variations in boards that you can create are also useful and appealing.,8
3074457347082668237,"I dunno. Really enjoy Miro, especially all the pre-built templates. Maybe a better way to create / track comments and tasks on items. We use Miro a lot for app flows and similar UI/UX mapping activities. Often we are mapping an existing app vs. the future state we are building. Would be nice to have a better way to annotate things in the app flow to say ""this is current"" vs. ""this is future"" and so on. Or to call out nuances and caveats team needs to be aware of. Overall, really like the app. ",8
3074457347082668237,"I dunno. Really enjoy Miro, especially all the pre-built templates. Maybe a better way to create / track comments and tasks on items. We use Miro a lot for app flows and similar UI/UX mapping activities. Often we are mapping an existing app vs. the future state we are building. Would be nice to have a better way to annotate things in the app flow to say ""this is current"" vs. ""this is future"" and so on. Or to call out nuances and caveats team needs to be aware of. Overall, really like the app. ",8
3074457347475716481,Easy to use.  Many great templates.,8
3074457347243296081,In free version i can't copy my customer template for new project.,8
3074457348131042905,"Be more performant and use less RAM, clean up number of features in templates",8
3074457347146931468,Having more templates and even more interaction.,8
3074457347983288223,"Easy to manipulate, lots of template, high image quality. Many functions useful for workshops such as timer, screen sharing, voting",8
3074457346773464289,"Sometimes, templates do not fit our needs ",8
3074457347127554324,Improved export options. Continue to expand templates. Reduce Cost to consultants - who can't pay the 'big bucks'!,8
3074457347127554324,Improved export options. Continue to expand templates. Reduce Cost to consultants - who can't pay the 'big bucks'!,8
3074457346146981367,MIRO has been an invaluable tool to our team especially during Corona. We could really use some more dynamic widgets. We like the Kanban board because of that and wish that more of your templates had more robust functionality. Thanks!,8
17920369,"Personal plan (I use Miro alone as a mindmap, and 3 boards are not enough).",8
3074457347059577551,It's very useful from me as a tech-savvy designer but for coworkers it's a learning curve. Especially for those remote people who wanted to just right into customer journey map template and start designing. For those people walk through tutorial would help them a lot plus walk through tutorial of actually customer journey map. Because everyone is designing it differently (analogue on white board vs. digital). ,8
3074457346177534318,"a little bit overcomplicated, i would like to use templates more easily in my boards that are done already and save my own templates
",8
3074457348044673459,"Generally a nice tool, but as with these types of collaborative tools theres a lot of finicky UI control issues, limitations and formatting stuff I've come to expect from desktop apps like object alignments, distancing to evolve simple white board sessions to something more presentable and refined without having to redo it on another platform. Some of the templates like Personas or some of the Maps are WAY too basic, bordering useless.",8
3074457346575579144,Don't limit the amount of boards for the free version or increase it. Also allow higher quality exporting. The paid version should be for teams that are large and want to collaborate simultaneously (i.e. having boards open at the same time) and for teams that would like to use your custom templates and other special features. ,8
3074457347382977396,Price of consultan plan looks strange. Paying for every user with whom i have worked even once are unfair for me. I would better pay for extra editable boards according my style of working.,8
3074457347477497030,"more text formatting options in stickies. like a numbered list.
Edit access to asana tasks",8
3074457346492992099,"a layoutmanager would be cool, that expands and collapses depending on the items placed into its grid...like the kanban templates but where you can throw in pretty much all shapes currently available",8
3074457347497130255,"High res PDFs have image errors.  Low res PDFs have images that are too blurry and illegible text.  Presentation modes need to be updated to include cropping of images to other shapes (circles, etc.).  We really love guest editors and not having to create sign ins for multiple collaborators.  Future releases for presentations should include templates for photo collages, photo/text slides, covers, etc.",8
3074457345829429229,Have a way to hide the sticky notes to avoid information bias between the team members,8
3074457346728171584,more pre-made templates that fit my needs,8
3074457346427913126,"Very good infinite canvas, but when I work on iPad (2018) and use Pencil I may face the situation when all tools become invisible. It will be 9 if tools will be stable no matter how many objects will the board contain. And it will be absolute 10 if you will add layers. They are inevitable in creating difficult complex schemes.",8
3074457346977755899,"I'd like the mindmap to have more options like for example, different positioning. Not only horizontal but vertical too.",8
3074457346503216527,"customisation of shortcuts next to templates, more manual control over which board becomes inactive while on a free scheme, customisation of default colour schemes, integration with Asana (though we're moving to Jira), ",8
3074457346626673707,"LOVE the free form but also need some structure. You've added some lately and that's good  but i'm still having issues with the platform not respecting mouse clicks or editing things when i want it to -or highlighting the right things or moving things...  but its much improved from a few months ago. I need to be able to have a road map with items on it that lock together, and if i have to add an item i need it to respect its space and flex with me. I need to have some cards of features that expand that can store information about a thing (a card for feature x, and hidden behind it is more data - customer name of who said it, detail that we don't need on the page visible but available when needed...)",8
3074457345900976165,"If it had templates (Agile, Canvas, Calendar) would be 10",8
3074457347716976375,Please make Double-Clicking add a new sticky note!,8
3074457346101408004,Better support for tables. More flexibility and better integration with the rest of the canvas elements,8
3074457347137748145,"The good: Integrations.

Thr bad: need better snapping among on-stage components. Alignment to grid would very helpful in maintaining a consistent size across components as multiple team members work on a project,",8
3074457346468420597,"I like very much the collaborative features. I don't like many of the templates, I think some of there are inaccurate (journey) or complicated.",8
3074457346724528954,"it's a bit slow running on a corporate environment. UX-wise the most common features seem hidden, like creating a blank board without a template. good product, still really like it, but could be just that little bit more intuitive because nobody has time or interest to watch videos and educate themselves ",8
3074457347273240101,"better export/import options (two-way) for Sketch and Illustrator, ability to see grid on export",8
3074457346168211438,"A more structured csv export, in order to import any diagram into a different software. It will be usefull to have colors of the sticky notes, position (x, y) etc",8
3074457346106266140,copy paste excel table. more templates.,8
3074457347261395615,we need the ability to say double color a sticky note.  with say a dot that stays stuck to the note rather than a separate item so we can move them around.  Ala having a story on a note and have the dot represent the story points.,8
3074457347760221050,"Need ability to share templates i.e. without sharing the details. Notes section could be more user friendly. Right now, it is slightly better than a notepad. Could add sections for meeting notes, shared with list etc. Ability to share the board link from the board. ",8
3074457347506250589,I like to use an emoji or sticker in my board,8
3074457347278375552,"I'm eagerly awaiting the ability to expand / contract branches in mindmaps.  
what I love about Miro is that you can put different kinds of mapping all together.  I don't know of anyther source for that.",8
3074457346766138622,"Love the product but only an 8 as I'd really like to see better iPad/tablet support. It feels like the iPad version is a port of the desktop one, rather than re-imagining what would be natural with a touchscreen and stylus.",8
3074457346501105910,"More integrations for the cards. JIRA card intergration is fantastic, but we are starting to use other tracking tools (Clickup)",8
3074457346103187955,"Better grid system. Last time I tried it, it was very buggy and randomized cards' positions at times.",8
3074457346820101378,Better workflow/ticketing management and the ability to assign people to cards. Timestamps on tickets would be helpful too!,8
3074457346911187387,"It's great. Like an editable, sharable whiteboard. Would appreciate some more formatting controls like type and object measurements.",8
3074457346625295024,Better way of selecting stickies and exporting only stickies,8
3074457345774966740,Very comfortable and excellent UX! I used miro with iPad and PC. Thank you,8
3074457347709862447,"I really like the kanban / user story map items being the same and working in that clever system, but I would like to have more ways of using them and more flexibility when using them so that I can use it in a more modern agile workflow. Maybe give me the ability to put these items inside of other items so that I can use a big one for user stories and the ones inside being the tasks.",8
3074457347353461179,"Voting results to be displayed on stickies, as numbers or dot votes, to have constant visibility.",8
3074457347264866340,"There is no other website that mindmaps are easier to make in, than Miro",8
3074457346262580132,improve on mindmap features,8
3074457346655007752,Missing collapsing features in mindmaps. Those are essential and they're a important drawback in this tool. The other features are really great.,8
3074457346595180142,"I do like the kanban board, but, it would be great if there was a way to add some info in each card",8
3074457347138053877,"It largely does what I need it to do and is a great tool, a few small things could be different, e.g. around permissions (participant vs workshop admin permission, so that participants cannot unlock things, but can use post-its, etc to participate), slightly better pen functionality on the iPad, sharing templates across more spaces)",8
3074457348132940102,Great tool and useful templates.,8
3074457346508548328,"Default colors cannot be removed, but you can re-pick a color at any time. So that doesn't make a lot of sense.
I would like text markup tools that you have in boxes to be available on sticky notes aswell. Those are the two inconveniences i've had with miro.",8
3074457347005295047,Provide more templates,8
3074457347109308198,"- ÐµÑÐ»Ð¸ ÑÐ¶Ð°Ñ‚ÑŒ Ð±Ð»Ð¾Ðº Ð´Ð¾ Ð¾Ð¿Ñ€ÐµÐ´ÐµÐ»Ñ‘Ð½Ð½Ð¾Ð¹ ÑˆÐ¸Ñ€Ð¸Ð½Ñ‹ (Ð¾Ñ‡ÐµÐ½ÑŒ Ð¼Ð°Ð»ÐµÐ½ÑŒÐºÐ¾Ð¹), Ñ‚Ð¾ ÐµÐ³Ð¾ Ñ€Ð°Ð·Ð¼ÐµÑ€Ñ‹ Ð¿Ð¾Ñ‚Ð¾Ð¼ Ð½ÐµÐ²Ð¾Ð·Ð¼Ð¾Ð¶Ð½Ð¾ Ð¸Ð·Ð¼ÐµÐ½Ð¸Ñ‚ÑŒ.
- Ð²ÑÑ‚Ñ€Ð¾ÐµÐ½Ð½Ñ‹Ðµ ÑˆÐ°Ð±Ð»Ð¾Ð½Ñ‹ Ð´Ð»Ñ Ð¿Ð¾ÑÑ‚Ñ€Ð¾ÐµÐ½Ð¸Ñ Ð»Ð¾Ð³Ð¸Ñ‡ÐµÑÐºÐ¸Ñ… ÑÐµÐ¼ Ð³Ð¸Ð³Ð°Ð½ÑÐºÐ¸Ñ… Ñ€Ð°Ð·Ð¼ÐµÑ€Ð¾Ð²
- Ð½ÐµÐ»ÑŒÐ·Ñ Ð¾Ñ‚Ð½Ð°ÑÐ»ÐµÐ´Ð¾Ð²Ð°Ñ‚ÑŒÑÑ Ð¾Ñ‚ mindmap Ñ‡Ñ‚Ð¾Ð±Ñ‹ Ð¿Ð¾Ð»ÑŒÐ·Ð¾Ð²Ð°Ñ‚ÑŒÑÑ Ð²ÑÐµÐ¼Ð¸ ÐµÐ³Ð¾ Ð¿Ñ€ÐµÐ¼ÑƒÑ‰ÐµÑÑ‚Ð²Ð°Ð¼Ð¸ ( Ð°Ð²Ñ‚Ð¾Ð¼Ð°Ñ‚Ð¸Ñ‡ÐµÑÐºÐ¾Ðµ Ð²Ñ‹Ñ€Ð°Ð²Ð½Ð¸Ð²Ð°Ð½Ð¸Ðµ, Ð³Ð¾Ñ€ÑÑ‡Ð¸Ðµ ÐºÐ»Ð°Ð²Ð¸ÑˆÐ¸) Ð² Ð¿Ð¾Ñ…Ð¾Ð¶Ð¸Ñ… ÑÑ‚Ñ€ÑƒÐºÑ‚ÑƒÑ€Ð°Ñ…
- Ð´Ð»Ñ ÑƒÐ·Ð»Ð¾Ð² mindmap Ð½ÐµÑ‚ Ñ‚Ð¾Ñ‡ÐµÐº Ð¿Ð¾ÑÑ‚Ñ€Ð¾ÐµÐ½Ð¸Ñ ÑÐ²ÑÐ·Ð¸Ð¹ Ðº Ð´Ñ€ÑƒÐ³Ð¸Ð¼ Ð±Ð»Ð¾ÐºÐ°Ð¼
- Ð½Ðµ Ñ…Ð²Ð°Ñ‚Ð°ÐµÑ‚ Ð²Ð¾Ð·Ð¼Ð¾Ð¶Ð½Ð¾ÑÑ‚Ð¸ ÑÐ´ÐµÐ»Ð°Ñ‚ÑŒ/Ð¸ÑÐ¿Ð¾Ð»ÑŒÐ·Ð¾Ð²Ð°Ñ‚ÑŒ Ð¼Ð°ÐºÑ€Ð¾Ñ Ð´Ð»Ñ Ñ€Ð°Ð·Ð´ÐµÐ»ÐµÐ½Ð¸Ñ Ð¿Ñ€ÐµÐ´ÑÑ‚Ð°Ð²Ð»ÐµÐ½Ð¸Ñ Ð¸ Ð´Ð°Ð½Ð½Ñ‹Ñ…. Ð’ Ñ‡Ð°ÑÑ‚Ð½Ð¾ÑÑ‚Ð¸ Ð¿Ñ€Ð¸Ñ…Ð¾Ð´Ð¸Ñ‚ÑÑ Ð¿Ñ€Ð°Ð²Ð¸Ñ‚ÑŒ ""Ñ€ÑƒÑ‡ÐºÐ°Ð¼Ð¸"" Ð´Ð°Ñ‚Ñ‹ Ð½Ð° Ð´Ð¸Ð°Ð³Ñ€Ð°Ð¼Ð¼Ðµ Ð³Ð°Ð½Ñ‚Ð°",8
3074457347112732875,I need to roll dice and draw cards...,8
3074457345986181365,More precise editing. We are using Miro for lots of tables etc. And these are very clumsy in Miro,8
3074457346095574033,"The grid was much needed but is still under developed. The ability to merge columns and rows , while still retaining autosizing, would be golden. We would often want to do flow diagramming directly on the canvas but the tools are limited, a few arrows (like in Visio, Creately etc) would help.",8
3074457346829539542,"Product is great (no bugs, features, UX).

-> cheaper pricing. More Templates. We can't create that much mindmaps every day so the price would be ok.",8
3074457345900976165,Few templates,8
3074457346734893506,"I am not using the paid version, and I cant create tables easily. smart excel functionalities can be added there",8
3074457347622419344,I added a template in a canvas from a friend by mistake and didnÂ´t find how to delete it. I had to delete post it by post it. I didnÂ´t realize I was at a friend canvas. It is difficult to find when you start from a marketing email. I thought it was a screen with examples...,8
3074457346816852500,"The mind mapping functionality is SO restrictive - I'd just about given up on it till I realised I could do everything I needed with just the regular text and linking tools on a blank template. I'd like to see easy inclusion of shapes around text boxes (oval, circle, rounded corner rectangle etc) as well as 'group' moving (where you move a text box and all the sub branches move with it, as is already implemented in the mind mapping template) being available as an option on the non-mind mapping templates. ",8
3074457346525802819,Supper simple to use and powerful for working with remote teams. The reason for the 9 and not a 10 is the limited funtionality of the mindmap. Not being able to copy and paste information into another node or to move one node to another place is really annoying.,9
3074457346525802819,Supper simple to use and powerful for working with remote teams. The reason for the 9 and not a 10 is the limited funtionality of the mindmap. Not being able to copy and paste information into another node or to move one node to another place is really annoying.,9
3074457346848500087,"easy, quick, comfortable.",9
3074457347529507950,"very easy to use, great visual and templates.  hope the page can be exported to ppt soon",9
3074457346862295890,This is a recommended collaborative mindmap ,9
3074457345787957890,Better tables,9
3074457346882051616,Ability to use tags to reorder stickies,9
3074457347857718103,there si some trouble with grid. the texte vanich some times so it's a bit annoying but otherwise it's super cool :D,9
3074457347103080008,"more Templates + Quick options to show the feeling e.g. as starter of an retro  (happiness radar, emotion cards, ...)",9
3074457346404473096,Improve mindmap functionality,9
3074457346703060543,"I want a possibility to attach sticky notes to images or other elements, just like comments. And a ""deselect"" button for both android and desktop versions.",9
3074457347147234125,"more templates, and the ability to change flow charts to mind maps might be nice?",9
3074457347091015381,"occasionally the formatting can be a bit glitching, text size seems to vary for no reason while using a template",9
3074457346801716437,"adding wireframe template
",9
3074457347397867687,"it can be a bit fiddly, for example, sometimes I need to start double clicking around to get it to wake up so I can interact with stick notes and things, it's probably an operator error.  but largely, it's pretty good honestly!",9
3074457346789459071,"some functionality: collapsable mindmaps for better overview, export mindmap to excel/airtable without losing the relationship between the objects/words I've entered, template for planning content flow - I have used Flowmap for this, and miss this functionality in Miro.",9
3074457347235548589,"This platform is extremely helpful and an absolute pleasure to use! I am really happy to have found it. The only thing I miss are flashcards: they are unmatched when it comes to memorising new material. So I have to find them elsewhere, but otherwise me and my students stay here!",9
103797967,"exel style tables
",9
3074457346165453685,"Even better API integration, e.g. for downloading board data with card tags",9
3074457347838047295,"Implement a variable graphics-background, that is fixed just as the grey / grid background is",9
3074457347531031388,"Greta tool for mental work. Like a jet fuel propellant for abstract thinking :) And very versatile: mindmaps, customer journey mapping, design thinking methods with post-its...here is everything! Definitely recommended!",9
3074457346965748606,"It's pretty good and I like it. I can't break Kanban cards down into smaller tasks/sub-tasks which I can do in Trello, but I like the whiteboarding ability with Miro",9
3074457345999812448,bring back the capacity to use digital sticky notes free-style! lost with out it!,9
3074457347659103293,I really like how it is soo huge. And that you can stick notes everywhere. I also like the embedding of sites very much. Only the loading takes some time,9
3074457346449443952,Great for brain dumping and templates,9
3074457346348654780,More templates and ideas,9
3074457347343035120,"Needed a few improves, manage more than 6 videochats, new interfaces beyond the usual column view of videochat. Export group of sticky-notes and other elements to excel or google sheets or data-structured app. For organize group of sticky-notes, an auto-organize wizard option, like a grid systems. ",9
93534678,Allow users to color code Jira tickets (as you can sticky notes) and attach labels to them. ,9
93534678,Allow users to color code Jira tickets (as you can sticky notes) and attach labels to them. ,9
3074457346416346329,"My eternal pain is the involvement of colleagues in various activities and exercises related to the product and design. With the help of Miro, I manage to do this in a very lively format + a huge number of templates that really simplify my life + slack integration that helps us to stau tuned. By the way, now I'm are very actively working on a CustDev of my sideproject as you can assume I do it with Miro (lots of integrations help me to share just one screen and work on the canvas with lots of stuff). Thanks a lot guys, keep going! ðŸ¤˜",9
3074457346947491591,make the sync from the iPad more stable :-),9
3074457347344311232,"The only feature I am not happy with at the moment is the tag system for the KanBan charts, in that when you want to remove a tag from a card, it removes that tag from every other card....need to be able to add and remove tags from individual cards",9
3074457346724164370,"Command for auto order object in grids, as exists in Figma.",9
3074457347282579590,"more tempates, template platform, submitted by people and shared. ",9
3074457347379011434,"better mindmapping tool, assignee in task - not necessarily team members, ",9
3074457347296128211,I was initally confused when using the concept map template that keybindings differed from the standard mindmap template. Adding new arrows between nodes was a bit tedious. ,9
3074457347798913237,"Easy to use and collaborate - only thing that's hard is having like a story board and flow chart on the same board... - if it was a button to put a new thing on the board (like stickies) that would be awesome
",9
3074457347475358237,"I have been trying to find a software platform like this forever. It's simple and easy to use. However, the more I use it the less useful I am finding the templates, I have never really used them as they aren't very practical.",9
3074457347244229178,"I would like to have a tool kind of easy excel tables without additional plugins to install. Now, to have a list of different items I have to make it like a big text frame (and this frame is short also, so I have to make few text frames one after another). The simple excel table would be much more comfortable. The only extension that I found is not comfortable and made for some automatic triggers and notifications (I forgot the name of extension)",9
3074457346348654780,"Overall it's a great product. I was using Mural but the company moved over to SSO / Miro. I think Mural is a little more 'beautiful' but I am very happy with Miro and for the most part satisfied. For me - more product and UX templates would help me crank out things in less time. Get real frameworks from the literature and jam them in!
",9
3074457347188146100,allowing to create free-form sticky notes and including calendar will make it brilliant! thanks ,9
3074457346499861784,The only thing I can think of recently is I'd love to be able to convert stickies (post-its) to other shapes as we often use stickies that later turn into objects in maps or diagrams. ,9
3074457347021870181,Easy to use and collaborate and variety of templates.,9
3074457346128891075,Build slides from miro - e.g. template that can be exported direct into keynote / ppt ,9
3074457346691269366,"Smarter sorting and organisation tools for postits, align in grid, sort by X and more search options",9
3074457347577217552,Tick and a cross mark for the sticker please.. would be helpful..,9
3074457347168632945,"Easy to use, cool templates, very good for collaboration",9
3074457347194658856,You integrate with Asana and have the ability to make templates for some of my strategy work with clients.,9
3074457347595503840,Es fÃ¡cil de usar y colaborativo. Me gustaria que la opciÃ³n gratuita se pueda usar mÃ¡s tableros.,9
112575351,Have more design thinking templates.,9
3074457347669394163,More free templates!,9
3074457347462924553,"Overall performance compared to Mural - when you get a lot of stickies, images, and shapes on a large canvas in Mural performance becomes painfully bad/slow. Whereas Miro does not slow down nearly as much with a large canvas. ",9
3074457346021379693,more/better templates,9
3074457347736563641,"Great accessibility, visibility and variety of templates are wounderful. Only negative point is mandatory requirement of mandatory sign up. It gives stress for non-miro users.",9
3074457347022716563,I find it easy to use and a good online collaboration tool.  I wish there were more templates for agile retrospectives!,9
3074457347432504027,i don't like that you can't draw mindmap-lines in all four directions of the circle,9
3074457347061336220,Miro helps me brainstorm effectively and collaborate remotely with my team. It's intuitive and the templates are helpful.,9
3074457347231508047,"everything looks nice, great usability!!!
lacks some features though, like auto placing of objects that are connected to each other (mindmap has that option but i want it for everything everywhere (align children))",9
3074457347407899163,"At least two things : 
- Better cards (better police resizing ; possibility to display various field on a single card ; possibility to map miro cards with TargetProcess/Jira cards)
- Better selection ergonomics : even if I have been using Miro since RealTimeBoard, the mouse behaves strangely. The most direct indicator is the since my colleagues and I have been using it extensively since the beginning of the pandemic, I can't remember a meeting where we haven't been bothered by it. Sorry, though : I wouldn't be able to describe precisely what makes it strange or unconfortable.
- Last, even if the new anonymous commenter feature has appeared, I find the invitation process a bit slow. Moreover, the difference between the price package is not clear : When we had to choose between Consultant and Team, my team were struggling a bit, even with the description just below our eyes.
",9
3074457346989204197,"Very good design, variety of templates, easy to use and free!!.",9
3074457346947221362,"I would like a new plan between ""free"" and ""team"" plan, that can be cost about 3-4 USD per user/month billed annually - with more editable boards. ",9
3074457347231401388,It is simple the way to go for drawing interactively and online. Suitable for lots of purposes (from a retrospective to software architecture drawings). ,9
3074457347053567657,It's comfortable and easy to use,9
3074457346785908475,"Many times there are relationships between cards that I'd like to be able to map (i.e: customer pains, feature ideas, experiments, etc). When working with many cards it gets messy to draw lines mapping them, but not seeing the relationship makes decision making and conversation harder.  I'd like to have a type of line that gets displayed when doing mouse over on a card to see what other cards are linked to it.",9
3074457347040912132,A big set of templates and customizable views,9
3074457347346524050,The grid alignment could be better.,9
3074457346054406723,more templates please,9
3074457346513562758,Beautiful mindmaps,9
3074457347600842932,"I needed time to i can use fully but when i leant, ist perfect. It give me freedom to make mindmaps whit my logical structure - Paper size, space or linear structure dont border me.
(sry for my english, i hope you understand it)",9
3074457347417835463,"It helps a lot to cooperate through the internet, it has a lot of features. Although one important is missing: it canno manage table, I often have to create complexe patchwork of notes instead of a simple table.",9
3074457347356194463,"Introduce templates better, with explanation on how to use them. Some have this already, some not and it's sometimes hard to use it without explanation as a beginner.",9
3074457346145969431,Introduce tables and more wireframe-friendly elements. You're doing great.,9
3074457347356429070,Make the App work and add Safari Support. I cannot browse the templates with both on MacOS,9
3074457347099979613,"Really comfortable for me, but i stil trying to get used to the design.",9
3074457347430570078,"the kanban and board could be updated in a ""notion"" way that you can have custom views filtered by certain tags. this would open also a better world for project management / overwie
",9
3074457347131422599,"Allow moving ""buubles"" in a mindmap hierarchy to a different level in the mindmapping ""tree"". ",9
94905848,"Powerful mind maps with hot keys, flexible, with branches into all sort of directions and styles edit/templates similar to MindMeister, ability to add more tasks/documents/details under each node.



Decision Trees, ability to create tasks/cards with custom fields

Dashboard builder with ability to pull in data into charts from analytics tools, database, spreadsheets, etc. E.g. Google Data Studio

Calendar

For more mevrael@gmail.com",9
3074457347365969313,the most intuitive design and love the templates and methodology summaries. When is the desktop app coming?,9
3074457347340401725,"No system is perfect, but Miro makes for a highly functional hub for project-intelligence. The templates get you going quickly, the notifications are effective and the integrations mean that teams are unlikely to need to change much in terms of other toolkits.",9
3074457347684065069,"Intuitive, largely stable, good templates",9
3074457346250737306,Tables & graphs could be way better. Especially tables ,10
3074457346250737306,Tables & graphs could be way better. Especially tables ,10
3074457346669635862,break out boards. better privacy. hidden cards.,10
3074457347348798520,"So fun to use! Only recommendation: make it more pen/tablet friendly. I was using it with my XP pen and loving the idea of it, but the drawing feature was a bit glitchy with that tool. ",10
3074457347326127412,Generate force directed graphs from data then make the graph editable,10
3074457346874933991,"Everything I need, nothing I don't - a little annoying to get the hang of working with Miro scale, but once it's learned it's comfortable and easy.",10
3074457347177412766,Miro provides an unbeatable whiteboard experience that is intuitive and easy to manage.,10
3074457347441821336,"Easy to use, the pre-made templates help tremendously and it's collaborative.",10
3074457347427708039,It's super easy to use. And comfortable for work together remotely ,10
3074457347352034376,"intuitive easy to use, equal footing for all attendees to contribute even the quiet one   makes collaboration remotely easy, i think we have a replacement for the sticky note, would be interested to see how this would work iface to face",10
3074457346303579106,This mindmap program is truly the best,10
3074457347103761071,it's very comfortable for work,10
3074457346525802819,Being able to copy or to move nodes in a mindmap,10
3074457346525802819,Being able to copy or to move nodes in a mindmap,10
3074457346289720864,"Allow saving custom as a template
Empower visualization in presentation mode interactive (like Prezi)",10
3074457347005668387,"Why recommend?
1) Infinite Canvas
2) Frames as Containers for different topics

What more can it have?
1) Start Date & End Date Function for cards.
2) Features to alert tagged users when deadline reached in a card.
3) Features to add work duration in card.
4) Features to automatically do some actions when some events is trigerred in a card. Events such as ""adding start date/deadline"", ""deadline reached"", ""work duration exceeds time limit set for a project or in a frame"".",10
3074457347852758610,"It's great. Flexible, a lot of templates to help you on your organization and team, retrospectives... for me it's one of the best tool to make on a virtual way my work",10
3074457347125031946,"
It is very easy to use. It is good that they add new templates. For example, the one from Design Sprint by Jake Knapp.",10
3074457347835669754,i looooove all the templates. its what i have been looking for for years,10
3074457347372931600,For Online Live Training perfromance & features are stable & valuable so far,10
3074457348140218177,"Easy to use, great templates. ",10
3074457345872558958,Collaboration is very effective. Many usefull template. Nice and unique concept of boards.,10
3074457347104088703,I want an easy way to group sticky notes together,10
3074457347918705188,"the best app and tool is miro, but The one thing I want to ask you is... mindmap function... central image settings, the keywords on branches and etc...
on the basis of the original mindmapping concept(tony busan's)... that's all. 
OH, and I want the miro team to make one person plan service !!",10
3074457347113545116,"i like the ""quickness"" and the Lines between shapes/texboxes are wonderful because they stick and streach realy nicely. Only move around vs. object move on iphone is not too good. rest perfect. Make a Mindmap on Iphone i also not able to make. ",10
3074457347059516166,Include timelines templates,10
3074457347224781406,"make Alt key+mouse click-drag  to copy command like adobe illustrator.

regards to the mind map template. make the lines that connects the text bubbles more flexible. I'd like to be able  to reconnect the lines to other text bubbles than their original parent. my problem is that I have to delete a long branch when I want to reconnect an ""early"" line to a new text bubble parent. Also it would be nice to have multiple line options to parent text bubbles... 

Idkn if its too hard to code or take too much memory,, but being able to recover deleted text/images from action history would be icing on the cake for me.


keep it up. I've been dreaming of an online software like this for years. I was even thinking of starting an app like this myself years back. I hope the free version will stay free, since my studio doesnt have big money yet to pay for premium. 

much appreciate it. facilitating creative space is a wonderful thing. blank canvas with flexible interaction.

love peace and creativity

cheers

Heureka Studio
Dreamteam

:) 

",10
3074457346536565442,Miro is so easy to use and I love the templates,10
3074457346780602834,Really intuitive tool with a good collection of templates to get past writer's block. ,10
3074457346754152499,comfortable to work and easy to understand. ,10
3074457346328557168,add tables (like you can add a table in MS Word with given quantity of columns and raws) and basic formulas (+ - * / sum),10
3074457346405564694,The collaborative nature is very good.  It would be awesome if you had a template for multiple project timelines.  We created our own but a template would have been good.,10
3074457347373370359,"As a consultant who facilitates workshops with clients on a regular basis, I've long been looking for a digital tool that can provide the same dynamism you get while working together in the same physical space. Miro is that tool. But it's even better. The user friendliness of Miro makes the experience BETTER. You can group stickies easily, indicate support for ideas with emojis and voting, and organize comments effectively. I can't shut up abour Miro.",10
3074457347373370359,"As a consultant who facilitates workshops with clients on a regular basis, I've long been looking for a digital tool that can provide the same dynamism you get while working together in the same physical space. Miro is that tool. But it's even better. The user friendliness of Miro makes the experience BETTER. You can group stickies easily, indicate support for ideas with emojis and voting, and organize comments effectively. I can't shut up abour Miro.",10
3074457347394305477,"Intuitive UI, stable platform, feature packed. Very well made product",10
3074457346947541247,"More features for running retrospectives - voting on tickets and limiting the number of votes per person (a thumbs up/down button, or a ""reaction"" emoji on the sticky note would do the trick I think)",10
3074457346178509418,"Making the detailed note feature available as an attachment in multiple areas of the board, sort of like the card feature.
Cards + post-it note and text boxes have really bad text editing because you can change the sizes of fonts... so it makes it really hard to draft long areas of text and collaborate in those areas, so we have to use Box Notes to do so, which takes us away from the Miro ecosystem.",10
3074457346137472931,easy and smooth handling - little need for explanation - appropriate range of functions - stable and reliable application,10
3074457346309599417,"Easy to use, very adaptable. ",10
3074457347363859643,"some small improvments on the grids : merging, simple calculations?. 
i am a designer, so improved drawings tools : the same one + another to color in ""multiply"" mode.
above all : keep the interface as sleek, intuive, simple as possible. each added functions must improve, and not decrease the overall experience !
",10
3074457347545739707,"love it - the MUG calls on YT help a lot... shows the possibilities.
there's a learning curve for sure - to make it great, not just functional... but it's so unique I'm willing to stick it out :)

(creating the community login was a pain in the butt though!)",10
3074457346960544738,"Miro does exactly what I need and want it to do. I haven't used any templates yet, but maybe I'll give them a go. I use it for Innovaiton Boards.",10
3074457347018651502,We've been brainstorming the old fashioned way with a wall and many sticky notes. How much easier life will be with miro. Thank you.,10
3074457346229831678,interactive mindmaps (expand and collapse) and sub frames (same logic - I want to hide complexity and drill down) would be great.,10
3074457347147164717,"integration with word/google sheet, so it would be more suitable for academic writing (organizing references and etc)",10
3074457347393983715,"An amazing tool. The only thing, working with Texts and Tables is not very comfortable (especially the tables app is a disaster)",10
3074457346054279368,"Hard to tell, I think is already amazing. The only two moments where I switch to something else is when I have to do some free hand drawing on top of images or something like that. And the other is when I need to very quickly add a note (since I use miro as my whole life map / mural / organizer. Would love if I had some fun shortcuts or I could teach miro to integrate with some cool shortcuts in mac, not sure how but basically make it very quick to say ""add this text as a sticky note to my 'parking lot' frame"" for instance (kind of teaching miro some routines or skills and then be able to run them quickly from spotlight or a shortcut or something).",10
95784507,"I just love it. Except the working with sheets is not as good. If I copy a table from google sheets or excels, it creats too many notes, not table",10
3074457347363572768,Wide possibilities to make almost anything you can imagine - from mindcard to improvised CRM.,10
3074457347608440134,"The text function is weird for me--the text window is super wide by default, and also invisible, so it's hard to select them/move them around. I end up using stickies for all text. I do love MIRO overall, though! I had been waiting for a way to be able to work like this. :D  ",10
3074457345766056704,custom grids for presentations,10
3074457347521071519,I LOVE templates & smart drawing & easy collaboration. I don't love having a random test board that a colleague made & forgot clogging up my workspace. I have yet to play with the mobile app but it feels promising.,10
3074457345804331061,"Hello! Notion and trello is a little bit more easy with the kanban cards, becouse they atomaticaly add information to the each card. Time of the creation, last time edited and so on. How ever Miro is fore like operation system, we like it a lot so far and it is a lot to explore. Thank you!",10
10237434,make more free line tool. At this moment the line tool is to sticky when you want to draw just a simple line.,10
3074457347102942693,"Awesome user experience, can draw freely and share, plus templates are very helpful to direct thinking.",10
3074457347140814615,"An app for dice rolling (i.e. image of a dice dropped on the board, click the dice and it rolls, multiple colors and multiple dice at the same time as well). Ability to draw on a card and have the drawing stay when the card is moved.",10
212075,"I can put everything in one place, on one table",10
3074457346843596310,"comfortable
",10
3074457346694694726,I love Miro! As a PO all of the ready available templates help me to communicate product related artefacts clearly and neatly,10
3074457347035323059,please add some free template in free account,10
3074457346957176407,"Make the mindmap items moveable
 ",10
3074457347794875848,"Lots of templates and tools, fairly good syncing, ability to real-time collaborate is very useful",10
3074457346653993002,"Amazing interface. Great tool to do many things. Mindmeister is still much better for mindmaps, but Miro is stunning for everything else.",10
3074457345982965532,Someone asked me for Agile templates... I sent them to Miro,10
3074457347394663989,"Fast and easy ste up . Excellent templates, and convenient sharing possibility. I am definitely integrating this tol in my coaching practice!",10
3074457347200671719,"amazing collaboration software, the templates are really helpful",10
3074457346939395501,"As an independent management consultant without ready templates, frameworks or methods, I usually start my assignments with an empty sheet. Miro helps me tremendously to structure and visualize the challenges and solutions to my customers. Extremely efficient tool to collect all your data, references and other information, build nice visualizations and presentations. All of my customers have been asking, what is the tool you are using, and end up using it. Increasing the ready templates would be appreciated, although don't have too much complains regarding the number of exsting ones. ",10
3074457347548747717,possibility to create table,10
3074457346756190472,"
I love the colaboration tools, templates and the customization flexibility. I like that I can draw and take notes, but what I like the most and is why I plan to upgrade is you thought of agency's like me. ",10
3074457346230774688,improve usability of tables. make it possible to export as image a custom selection not only frames. ,10
3074457347990283431,"1. easier transfere to other programs (like Indesign or Keynote-presentations), so that they are still editable in this program (like position, color, font, editable text, ...) 

2. create own formats (for components like post-its, arrow, forms, lines, text formats, ...), so that if you wanna make small changes, you can change it in the format and so every object with this format, gonna be changed aswell",10
3074457345880481159,Is there a deadline function to a card? ,10
3074457347191921570,Free and useful. Excellent templates to get you started.,10
3074457347662692509,"Love the templates, what you can get on a free license, and how easy and intuitive it is! Keep it up :)",10
3074457346828034650,"Allow me to download the files directly in Miro format for backup reasons in case of network downtown or connectivity issues. I'm not sure if other formats (while useful to export to other programs) will reimport directly into Miro correctly. Also, maybe a few extra template options. I could use a good template for planning data structures.",10
3074457347327586818,"Let me write with the pen without overloading the system by treating each stroke as its own object! I love using my pen and tablet, treating MIRO like a real whiteboard. But when you use the pen tool it seems to eat up the processing power within MIRO itself. Letting me scribble without slowing the system would be the bee's pyjamas. You lot are amazing, keep up the phenomenal work <3",10
3074457347452490177,"in workshops some participants were confused by the menu on the left ( too many items) ... could we have condensed version for newbies. Like 4 tools: Select tool, new sticky note, connection, draw",10
3074457346938232296,"Add ""bits of template"" in a shortcut on the left bar. Sometimes you don't want the whole template, just one column of a user story mapping or one piece of timeline, because personally I prefer this tool to make flexible diagrams that mix lots of elements from different sources. 
To me, the advantage of MirÃ³ is taking the whiteboard to the screen in a comprehensible way that everyone can collaborate and with a design that can be saved for people to keep understanding and adaptate in the future.",10
3074457346580715495,"Maybe more templates... But I'm not sure which templates I'm looking for, just that I'm looking for something hahaha",10
85596267,"The tables are not my favourite thing (YET), but I love the rest <3",10
60102297,"The most versatile tool on earth! Not all features in the respective categories (e.g. Mind Map, Kan-ban etc.) but very usable already and in its unique combination unbeatable.",10
3074457347501158815,"I already recommended it to several colleagues. Very intuitive UX, great templates.",10
3074457347297972955,"very useful, maybe offer more templates for problem solving and team collaboration ",10
3074457347027020523,Roadmapping template,10
3074457347520751597,I like to use multiple templates on a page but I find it can be tricky to select the entire template once it's been added. Very often it adds on top of existing elements and I would like to move it. If I accidently unselect it I find it very difficult to then select it to move it,10
3074457346919248944,You've made a ton of improvements in the last year. Really love the templates (specifically user story map) that make creating boards much faster. Frames are also awesome.,10
3074457346615938009,Make nested comps-- the equivalent of Photoshop Smart Objects. We have information cards that need to be shared among multiple boards-- would be great if one card could be pre-comped & shared across boards.,10
3074457346738451546,"More templates that are around tables where the sections interrelate; you have lots of single flow process templates, and lots of matrices, but not many which show how, for example, several workstreams feed into one another and diverge at different points.",10
3074457345747433841,"hum...this qeustion is tuff!! your product is amazing. But if I get picky I would say, keep adding templates for us to use, like the ones you have but more focused on design thinking or user experience activities. Templates are great becasue they are an easy, fast way of learning how to facilitate a group activity. ",10
3074457347108437797,Make creating a new card easier,10
3074457345968244391,"More options in customizing the colors for tags.  There aren't enough tag options. :)  Better integration via a spreadsheet.  More options for using several columns to import and create the stickies or cards.  But this tool is great.  It has been highly useful and my team is loving the collaboration as we complete PI Planning.  We will be using it every quarter.  AND, your customer support is amazing!  They have been quick to respond (when it is likely high demand currently) they were so kind and easy to message with.  Patient and effective and offering solutions until we got one. ",10
3074457347180608540,some of your templates (kanban) are amazing and have structured data behind them. Many are not. Wish you had more awesome ones and clearer show of which are awesome,10
3074457347148789694,"Everthing i missed so far, you have been presenting as B-feature thing a couples weeks... so keept up doing that. Next feature i really miss is the option to include an image within the cards. While exporting the cards to excel, this image should then, transfer with the text and tags into the tabelle. Thanks for your great work and very handy tool.",10
3074457346802596999,fold the branches in mindmap and add images to a mindmap. As now using other apps is more convinient,10
3074457346724597528,"Sortable columns would be cool. Like a spreadsheet.Also,when I search in a big paragraph of text in a. text box, highlight the text in the textbox, not just the whole textbox. ",10
3074457347670168451,"It has been amazing to use, at least for me that I have a bachelor in desing, with a pen tablet is great, with mouse is really complicated",10
3074457347742239716,"Examples. Inspiration. Miroverse is amazing. I think your tool has a good potential for ""simpler"" things, like my agenda, lists, personal notes, etc. Think Notion and their templates. Keep it up! Salutes from Argentina!",10
3074457345950714657,"The ability to share thoughts and ideas in real-time, in a single space, with great templates, is brilliant. What is needed is a better presentation implementation. You should make it so that a bunch of guest users are able to login. It will help your customers and is free advertising!",10
3074457346541740859,More technical(engineering) templates :) ,10
3074457347431926930,"Absolute perfect app for planning. I love visual planning, mind maps especially. But here, with all the templates, cards, grid options, you can truly create whatever you need on an infinite canvas, and that is just brilliant.",10
3074457347749356262,"It just does well what it offers. An infinite white board, digital, collaborative, and has templates. ",10
114820755,"Ease of use and number of templates. I am an occaissional user, that means that it is the most cost effective way of communicating information graphically.",10
3074457346543060766,Add a snap to grid setting,10
3074457347280775635,"Let me be able to filter cards only within my current viewport's range. For example, I have copies of multiple cards that I use in different places, and I want to select all the ones with the ""design"" tag, from the batch I am currently looking at without also selecting the other ""design"" tagged cards outside of my current view.",10
3074457347530352821,"I were looking for an aplications with floating cards to drag in sectors distincts to Kanban. Examples: Ishikawa, SWOT, etc. I have found it with Miro.",10
3074457347325418866,PASTING TABLES INTO THE board and it stays as tables....,10
3074457347192578550,"I put 10 points, because in Miro I can visualize whatever template I want",10
3074457346411402665,"I still think mural has more templates... but I am a big fan of MIRO and all of my students user it for their projects
",10
3074457346993446725,Love the way the product has evolve and now covers a lot more use cases and templates,10
3074457347714328146,Explain the pricing model better. Offer a pricing model suitable for individuals / private people that want to use Miro for planning (e.g. a wedding).,10
3074457346631883104,"Very useful for visually illustrating taskflows, mindmapping, and notetaking.",10
3074457346840580213,"best feature: flexibility and easy to create diagrams.
worst: cards and canvas are an amazing addition but are much worse compared to trello, I would only use miro but since trello canvas is better I'm linking trello boards to my canvas in miro

",10
3074457347102573662,"It's so easy to use, flexible but yet low learning curve - and the mobile upload (being able to upload stickies and images from mobile) is the tipping point",10
3074457347796273576,"It would be very nice if you could choose which sticky note was the default size when adding a new one (specifically the wide vs square one) - maybe it remembers the size that you added last? - It's truly a small issue, as I can get around it by alt+dragging a note. But it's the little things. Appreciate you all ðŸ™ðŸ¼",10
3074457346938073346,great template and ease of use,10
3074457346277878872,Improve sketching on a tablet - although... very low priority for me - great software!,10
3074457346277878872,Improve sketching on a tablet - although... very low priority for me - great software!,10
3074457346272855664,"Collaborative, presentable and intuitive
",10
3074457347275706350,"Generic ""empty"" pages templates with nice design. ",10
3074457347662729449,Miro is the best collaborative tool I've used.  I love the templates for different applications. It is very intuitive to use.,10
3074457348060564079,It's super - I love the LEAN tools and templates.  Excellent setup - wish my company would have a corp. license!,10
3074457347353623673,You pay attention on what we need. The table is the best!,10
3074457347838285792,"I am already pushing Miro company wide.
Things to do better:
A little better grids (the grid lines can not be configured)
Planning Poker as default app - I dont have the time to explain ~20 people (2 teams) how to verify the app.
More more more templates, especially more ""small"" templates, I am also working on this ;).
Voting: Give the option to vote every X just once.
Activity board should contain seconds.
I did not try the Zapir Apps yet, so maybe i exists already - I would love to have some simple way of spreadsheeting and visualization of for example surveys in miro.
Grouping and locking is super cool, but sometimes also super confusing. Beeing new at Miro I often do not understand what I am ungrouping / unlocking.

But really, guys, keep it up! Miro is so cool, I am recommending it all the time. I also love how lean it is. Dont build it to complicated ;)",10
3074457347614768778,"template for research proposals (project plan, time plan, concept sketch)",10
3074457346986592676,It is very intuitive and offers a lots of templates for developing different works. I used it for my strategy plan.,10
3074457346874322135,"No need for flipchart and sticky notes, save trees plus it keeps all ideas in a clear and trackable ways. ",10
3074457347213286957,Really useful. Would love more font options especially for sticky notes though!,10
3074457347230788504,add integration with excel and g.sheets so i can make connections between cells in excel doc and content of stickers in miro,10
3074457346629589540,"PLEAAAAAAAASSSE make the sharing feature better....  I can't evangelize this product and make it grow if I can't share a Miro board with a person (new to Miro) and have them be able to edit it as a collaborator immediately.  It should be editable as soon as they create a new (free / trial) account. This is not what I understand the experience to be -- I have failed 5 times in a row to get a collaborator on-boarded to Miro.  Its super frustrating and makes me look like an idiot for suggesting such an "" intuitive and easy to use tool"" only to have my client/friend/etc get blocked from editing it. ",10
3074457347406121910,"Fix the mobile app - always crashing, can't convert sticky notes. Doesn't even need to have that many features as I'm only using it to review stuff and maybe add a few notes.",10
3074457346874322135,"I like the infinite canvas, the template and it's on cloud so you can bring it up anywhere you want
",10
3074457346317404561,more templates,10
3074457347345209234,Let me make my own templates... or is that already possible?,10
3074457346789670918,better templates/support some uml diagrams (sequence diagram) and event storming,10
3074457347810859215,"I really think its fantastic!! I have already reccomended it to my program at Columbia University  as we are figuring out how to go online well, and my dept is now applying for the free educational inst. subscription. As a drawing teacher, I wish I could add my students with upload priviledges but not delete privileges-- maybe there would be a student level of particpant? I also wish there was a better way to draw on the boards --maybe a frame with better resolution or line sensitivity? so I could use a tablet to draw on your boards. This is the closest I have come, though, since we had to go online for the pandemic, to recreating a studio wall. I really love it. Thank you for the free access!",10
3074457347214762456,"TODO list, the kanban style one is too complex and not too fun to use. Just a list of easily editable items that you can check.",10
3074457346911366473,I find it intuitive and adaptable.,10
3074457346673709985,"More templates and integration functionality with JIRA for example or confluence
",10
3074457347927124753,"smooth controls, layer control, dynamic resizing, easy/fast upload, extremely stable, great usability ",10
3074457347609293594,"It's so easy, I'm comfortable with software but working with teams who often aren't. My colleagues navigate the program so easily. It's really helped us!",10
3074457347125031872,"markdown in cards; 
frames: abillity to ""hide"" specific frames from presentation view.  beteery yet named (arbtrary) lists of frames, so you can make many presentation from one board.
ability to style links between nodes
webvr interface",10
3074457347051712218,love the mindmaps,10
3074457347206623182,More templates,10
3074457346561124089,"I use Miro as a digital scrum board. I love the 'tickets' however I would like to be able to have a 'parent' card. For instance, we have a user story map which contains all of the work we have in our MVP, but we when use another artboard to reflect the work done during a sprint. I would like for the user story to have a single source of truth so that I can have multiple representations of that user story, but don't need to update the tags on a single user story in multiple locations. Similar to the way Symbols work in Sketch. ",10
3074457347124603411,It is what I was looking for a long time ago. As soon as I'm profitable enough I'm gonna upgrade my acc.,10
3074457347129175742,The library of templates is very helpful. I appreciate the ability to use an every-growing canvas to hold multiple perspectives. And the free-mium business model lets me explore.,10
3074457347526950311,Improve the mind map template to be able to reorganise (drag a bubble and put it somewhere else). Thanks for your great work!!!,10
3074457347096051548,"The app is great, the best way to organize my studies and thoughts I found. The only problem I came across was the tables, I couldn't adjust them. Thanks for the great work!",10
3074457346318018651,Sometimes when working with images/texts and I upload new BIG RES image/ or create new sticker etc - there is no consistency in scale - should i reduce my image or scale up my sticker ? If it makes sense :),10
3074457347364757248,This is an excellent tool for getting ideas out on the table--i.e. ideating and synthesizing.,10
3074457347462023078,"I'm already recommending it for various meetings and using it as a place to organize my thoughts on stickies. Without Miro, remote working would be something I can't picture.",10
3074457345707866029,best online whiteboard for sticky note exercises. better than mural.co,10
3074457347251697917,Keep adding more templates,10
3074457347177078469,"Miro is THE most fully-featured collaborative canvas I have used. I use it at work and for personal use (for playing tabletop games with my friends) and it continues to shine with the freedom of expression it enables with its users. 

My one feature request would be more shape options. (ie. editing the skew on the trapezoid)",10
3074457346911376167,Would be awesome if I could connect a table/diagram to an excel or .csv file :),10
3074457346330906778,"Tablet Mindmap support
Full tablet support in general
custom 'themes' for board colours",10
3074457346980318175,You are amazing but currently I see a lot of features and types of board so I get a bit frustrated. I would like to have some onboarding for the templates.,10
3074457346514961450,Easy to use templates and models,10
3074457347383248453,"User friendly, wide range of template to choose from",10
3074457347177698658,"User friendly, great templates",10
3074457346037971174,"Some improvements on the new grid feature: vertical alignment, groups inside cells, padding, cell spacing. Allow SVG files to be inserted and custom filled.resized.....add card features to stickies and allow card visual customizations. Improve voting feature to allow dot voting, with layers that could be hidden/shown. Better boards organization features (folders of projects and folders inside projects). Add LOE (maybe even integration with Jira) and allow sum (maybe on grids). I know that some of these wishes may be out of what you planned for Miro, but it has the potential to be the #1 tool for remote WORK, not only collaboration. Extend the features and the plugin API to make these possibilities endless. ",10
3074457346037971174,"Some improvements on the new grid feature: vertical alignment, groups inside cells, padding, cell spacing. Allow SVG files to be inserted and custom filled.resized.....add card features to stickies and allow card visual customizations. Improve voting feature to allow dot voting, with layers that could be hidden/shown. Better boards organization features (folders of projects and folders inside projects). Add LOE (maybe even integration with Jira) and allow sum (maybe on grids). I know that some of these wishes may be out of what you planned for Miro, but it has the potential to be the #1 tool for remote WORK, not only collaboration. Extend the features and the plugin API to make these possibilities endless. ",10
3074457347927032171,The templates on miroverse are amazing. I love your updates and how you take users through them. I have no feedback to make it better right now - very happy and currently promoting to clients and friends ,10
3074457346566824901,Everything works just perfect. The only issue I have encountered so far is inability to change the color of text on a sticky note when I double-click on it to typre something. But maybe I'm just a bit blind ;) Great job there!,10
3074457347838783549,"great product, but need a better template for a classic website sitemap style :)",10
3074457347420417830,"Usability and responsiveness. Miro mostly ""just works"", like any design tool. Including most common keyboard shortcuts. And there is a plethora of features and templates.",10
3074457346158475707,Great templates and easy to get started. Good UI.,10
3074457347129512459,"Please, Add more templates ",10
3074457347687046743,"Intuitive and easy to just get on with work done, I think in mindmaps so that is the template I at this stage use most often",10
3074457346263517989,Allow me to turn layers on/off so I can control what my workshop participants see when they come into an activity? Have an Ortho-Lock feature with drawing lines and arrows? Have templates that help create the best layouts for communication design standards? Have color pallet suggestions that are best for color blindness or visual impairment- with sets of post-it colors and background color combos?,10
3074457347171743986,I use Miro as a simple virtual table top for D&D. Allowing the eraser tool to gradually erase instead of removing whole highlighted blocks would allow me to reveal the map gradually to my players.,10
3074457347526095071,"The mind maps are good, but could be improved by providing the ability to collapse child links this is particularly useful if you want to focus on one area. A Gantt chart template would also be a real bonus. Also the ability to restrict editing access would be useful.",10
3074457347763744684,More and more templates! More and more integrations with collaboration tools.,10
3074457347476404612,"More easy to Input text
More large field in sticky note",10
3074457346771700440,Improve your tables control,10
3074457345788036997,miro is very flexible and easy to use with many templates and a clear toolset. kind of a love mark for me.,10
3074457347367355366,"Allow linking (grouping) of objects (sticky notes, images, etc) to entries in a mind map.
",10
3074457347067672777,Design templates (like find in Canva); or at least colour palette themes (combinations of colours that look good together),10
3074457347346805306,"The pen tool is rather awkward. For instance, I use a wacom pen tablet and am used to flip my pen around to erase a drawing. Having to open the pen drawer and switch it to an eraser is .. meh. Another improvement to the smart pen would be if it could distinguish between handwriting and drawing. You can't use the smart pen if you want to add writing to the drawing. ",10
3074457346327070741,"A presentation mode where the objects are not-editable and you can move them around without fear of the text or other editing dialogs coming up.

I use Miro in a lot of my online classes at modusinstitute.com and love the look, feel, and flexibility of the tool. But I'm constantly re-clicking to make the editing dialogs go away when giving a lecture.",10
12221141,possibility to assign more users to a card,10
12221141,possibility to assign more users to a card,10
3074457346265474001,Awesome collaboration tool with available templates to interactive contribute.,10
3074457347427569271,"Easier to find and use templates, and make the link to share a board easier to fint! I alwasy look for five minutes until I find it.",10
3074457347366066958,Easy to use and no hiccups or issues with lag. Very stable and easy to use. I feel like I'm using a whiteboard at my office.,10
3074457346505567232,"Double down on the Miro academy with video on specific uses for Miro. 
Add more templates (even several variations of the same type).
",10
3074457347150489547,"we use it a lot, I like the custom templates.  figuring out how to make connecting boxes actually work is just amazing.",10
3074457347064394095,"because it have many templates, and develop flow chart is really easy! and pretty too. It's practical, and I love work online with my boss",10
3074457347047742369,"Either it's not possible; or it's not intuitive how to (for me at least): but I miss a way to link together mindmap nodes when they are detached (like moving a node from one mindmap to another). I use that (excellent) method to lay out data structures, and some times I need to move stuff around",10
3074457347853750653,Great virtual workshop (whiteboard and sticky notes) tool.,10
3074457346574513188,ricardo@frenet.com.br,10
3074457346701841206,a perfect tool for a visual thinking person! I mostly use Miro to map out my ideas and move on the other tools like google slide to transform them into a presentable format. Miro is like my notebook of mind,10
3074457347034750510,"More types of cards to put text in, and being able to resize them to any proportion",10
95100643,Make Wireflows (shapes with links to frames) possible. Allow non-connecting lines. A decent basic table (view) with card records.  ,10
3074457346937978373,grids for alignment; font flexibility with post-its (bold); library of icons would be awesome,10
3074457347014734646,"easy, intuitive navigation, lots of template available, elegant over all design",10
3074457347085026042,"Some objects I would want to set as background and ""lock"" them so that they will never be selected in any selection. Now if I want to group select a couple of stickies I often also select one of the lines indicating a column on the board. You could also generalize this to a ""layer"" where if I work in one layer I don't want to touch anything in another layer. ",10
3074457347085026042,"Some objects I would want to set as background and ""lock"" them so that they will never be selected in any selection. Now if I want to group select a couple of stickies I often also select one of the lines indicating a column on the board. You could also generalize this to a ""layer"" where if I work in one layer I don't want to touch anything in another layer. ",10
3074457347142388162,"Fix lag issues with the new grids. Sometimes it is really slow to edit a text, but everything else is working fast as usual.",10
3074457347493528335,Very user friendly platform. have number of templates which are very ay to use,10
3074457347374782558,"Tabletop games mechanics: dice roll, cards",10
3074457347216558375,I have whole new great experience co-working with miro but hope (1) little faster loading speed. (2) Form EDIT mode that I can edit cards when watch each frame like presentation mode.,10
3074457345821182276,extremely usefull tool. for service and interaction designers. Feature request: in mindmap mode i would like to drag groups of objects (+ child nodes) into different branches.,10
3074457348107998568,It has been a very useful tool to keep working online and in a dynamic way. The templates are useful to start working quickly. However not all the shortcuts work. ,10
3074457346589234762,the best tool for collaboration & online sticky note,10
3074457347636418723,The tool is great. I love the tons of templates and usages!,10
3074457347709213651,"more shapes and templates - not only for project-management, but also think about Lean Management and Team-Boards (Skill-Matrix, idea-management, etc...)",10
3074457345801501456,AM SO excited about the sticky note capture! Thank you!,10
3074457346818401030,A proper tablet version. I can see myself using Miro with my stylus,10
3074457346818401030,A proper tablet version. I can see myself using Miro with my stylus,10
3074457347553288594,"make all boards in a team fully editable (including deletion) by the team administrator (I currently have boards in my team which I cannot delete, but were accidentally created by some teammembers...)",10
3074457346809411806,Very helpful for a visual person like me. The templates are useful and makes the planning process much easier. ,10
3074457346251093561,"Features! Please create a good manual to create, save and share templates",10
3074457347144945320,The possibility to create tables like in the Word,10
3074457346667338462,"Ð ÐµÐ±ÑÑ‚Ð° Ð¿Ñ€Ð¸Ð²ÐµÑ‚:)
Ð¡Ð´ÐµÐ»Ð°Ð¹Ñ‚Ðµ Ð±Ð¾Ð»ÑŒÑˆÐµ Ð¸Ð½ÑÑ‚Ñ€ÑƒÐ¼ÐµÐ½Ñ‚Ð¾Ð² Ð½Ð°Ð¿Ñ€Ð¸Ð¼ÐµÑ€ ÐºÑ€ÑƒÑ‚Ð¾ Ð±ÑƒÐ´ÐµÑ‚ ÐµÑÐ»Ð¸ Ð² mindmap Ð¿Ð¾ÑÐ²ÑÑ‚ÑÑ ÑÐ»ÐµÐ¼ÐµÐ½Ñ‚Ñ‹ Ð´Ð»Ñ TOC",10
3074457346481316572,"Your onboarding, templates, collaboration EVERYTHING is on point",10
3074457347561566272,Many templates available and real time collaboration. Very useful for designers.,10
13013710,"Firstly, Miro probably has the sleekest user interface I've ever seen, and the performance is absolutely amazing, not to mention the massive functionality. You've come a long way since RealtimeBoard, and it's mind-blowing. My friends and I just keep finding more and more things to love and gush over about it!

Kanban boards are one of the most useful tools my team and I use. I'd love to see improvements to the way cards are displayed. Currently, there are only a couple of levels of font size for the cards, which makes it so I have to either zoom way in, or zoom OUT to easily read the card. Having more breakpoints for the font size based on zoom-level or otherwise scaling the text consistently would be huge.  I'd also like the little expand button that appears when hovering a card to appear even when zoomed further out. It might also be worth experimenting with cards that grow vertically when it has more text in it.

A pie-in-the-sky idea I'd love would be to have document objects on the board that functions as the Note feature with headers and formatting but are on the board itself and can be moved and sized. Having the Note functionality within a card's expanded view could also be quite useful.

Absolutely stunning work!",10
3074457347250253703,"Fast, responsive, works across all my devices (iOS and Android), great tools and templates. <3",10
3074457346656983058,I keep recommending it to my fellow students in mindmapping excercises,10
3074457346757049314,"A calendar template would be great. Anyway, Miro is awesome. Thanks!",10
3074457346836658771,"very helpfull soft, glad its free, helps me to make mindmaps",10
3074457347703899524,gamers friendly (virtual tabletop),10
3074457346876733493,project management framework / calendar view of cards / start date and end date of card / drawing feature in comment mode,10
3074457347021591637,move kanban plugin more towards trello functionality Trello+Miro would be gold,10
3074457347449390320,"very great for brainstorm, not very suitable for long term",10
